structure,operation,dataset,len,averageTime,stdDevMs
MyTreeMap,INSERT,random,100,0.03448333333333333,0.025797073922995725
JavaTreeMap,INSERT,random,100,0.054630000000000005,0.03914045574417944
MyTreeMap,SEARCH,random,100,0.012096666666666669,0.010590870607739717
JavaTreeMap,SEARCH,random,100,0.029119999999999997,0.018209023909153885
MyTreeMap,DELETE,random,100,0.008310000000000001,0.001181568215667577
JavaTreeMap,DELETE,random,100,0.006920000000000001,0.0016013787163264813
MyTreeMap,MIXED_WORKLOAD,random,100,0.04376333333333334,0.023124229468368177
JavaTreeMap,MIXED_WORKLOAD,random,100,0.008706666666666668,0.0016283974210614372
MyTreeMap,INSERT,sorted,100,0.03242333333333334,0.013303841377673552
JavaTreeMap,INSERT,sorted,100,0.01910666666666667,0.0014486458202899967
MyTreeMap,SEARCH,sorted,100,0.018436666666666667,0.0014116469553102791
JavaTreeMap,SEARCH,sorted,100,0.04447666666666668,0.001692719365569707
MyTreeMap,DELETE,sorted,100,0.01360333333333333,0.006762395175213228
JavaTreeMap,DELETE,sorted,100,0.013850000000000001,0.0016701744695152927
MyTreeMap,MIXED_WORKLOAD,sorted,100,0.03930666666666666,0.01290348611899081
JavaTreeMap,MIXED_WORKLOAD,sorted,100,0.03494666666666667,0.017271298362498314
MyTreeMap,INSERT,reverse,100,0.019926666666666662,0.003290103586392896
JavaTreeMap,INSERT,reverse,100,0.02314666666666667,0.014896695614460444
MyTreeMap,SEARCH,reverse,100,0.013086666666666665,0.003413435253507096
JavaTreeMap,SEARCH,reverse,100,0.013696666666666666,0.0018134522864973034
MyTreeMap,DELETE,reverse,100,0.025553333333333334,0.020415000119643825
JavaTreeMap,DELETE,reverse,100,0.02068666666666667,0.0038450804514549393
MyTreeMap,MIXED_WORKLOAD,reverse,100,0.03477333333333333,0.027750140519474397
JavaTreeMap,MIXED_WORKLOAD,reverse,100,0.04743666666666667,0.014541509747860653
MyTreeMap,INSERT,nearly_sorted,100,0.007220000000000002,8.86449718511025E-4
JavaTreeMap,INSERT,nearly_sorted,100,0.007006666666666666,7.04142096422322E-4
MyTreeMap,SEARCH,nearly_sorted,100,0.034316666666666676,0.16723133488618722
JavaTreeMap,SEARCH,nearly_sorted,100,0.003196666666666668,0.0032603663146565476
MyTreeMap,DELETE,nearly_sorted,100,0.017973333333333338,0.004397643046885013
JavaTreeMap,DELETE,nearly_sorted,100,0.029959999999999994,0.006304710882375563
MyTreeMap,MIXED_WORKLOAD,nearly_sorted,100,0.01940666666666667,0.005522613907183453
JavaTreeMap,MIXED_WORKLOAD,nearly_sorted,100,0.0108,0.010014782177809236
MyTreeMap,INSERT,duplicates,100,0.001943333333333334,5.61821749455216E-4
JavaTreeMap,INSERT,duplicates,100,0.0038166666666666683,5.509135568548271E-4
MyTreeMap,SEARCH,duplicates,100,0.00131,4.806604651504229E-5
JavaTreeMap,SEARCH,duplicates,100,0.0015133333333333333,1.3060425438846855E-4
MyTreeMap,DELETE,duplicates,100,0.002983333333333333,0.0038929718577273924
JavaTreeMap,DELETE,duplicates,100,7.566666666666661E-4,1.6543220995910685E-4
MyTreeMap,MIXED_WORKLOAD,duplicates,100,0.0024066666666666655,2.1485092399203197E-4
JavaTreeMap,MIXED_WORKLOAD,duplicates,100,0.002456666666666665,3.1037611591959403E-4
MyTreeMap,INSERT,random,1000,0.10146666666666668,0.16709148915227978
JavaTreeMap,INSERT,random,1000,0.07324333333333333,0.017981325242352533
MyTreeMap,SEARCH,random,1000,0.05154000000000001,0.00962649361451743
JavaTreeMap,SEARCH,random,1000,0.12254666666666665,0.3435920172222437
MyTreeMap,DELETE,random,1000,0.04915666666666667,0.20057250762777024
JavaTreeMap,DELETE,random,1000,0.021340000000000005,0.0024372964105958566
MyTreeMap,MIXED_WORKLOAD,random,1000,0.08196333333333332,0.038173293456726175
JavaTreeMap,MIXED_WORKLOAD,random,1000,0.03754333333333333,0.0041143720628140056
MyTreeMap,INSERT,sorted,1000,0.08756333333333334,0.03312325449749385
JavaTreeMap,INSERT,sorted,1000,0.11983333333333336,0.17624744426287553
MyTreeMap,SEARCH,sorted,1000,0.07082999999999999,0.028148671188089367
JavaTreeMap,SEARCH,sorted,1000,0.06960999999999998,0.050473532497325974
MyTreeMap,DELETE,sorted,1000,0.033923333333333326,0.030490492394134625
JavaTreeMap,DELETE,sorted,1000,0.03406666666666667,0.003712544747979091
MyTreeMap,MIXED_WORKLOAD,sorted,1000,0.08514666666666665,0.01625178469421517
JavaTreeMap,MIXED_WORKLOAD,sorted,1000,0.07328333333333334,0.006998920277976543
MyTreeMap,INSERT,reverse,1000,0.04205666666666666,0.015147747831536412
JavaTreeMap,INSERT,reverse,1000,0.040626666666666665,0.003427870891759886
MyTreeMap,SEARCH,reverse,1000,0.03221333333333333,0.002249250194349577
JavaTreeMap,SEARCH,reverse,1000,0.03749333333333334,0.007029687457286166
MyTreeMap,DELETE,reverse,1000,0.0014099999999999991,0.0014912040957469278
JavaTreeMap,DELETE,reverse,1000,0.014756666666666664,0.012080953471543926
MyTreeMap,MIXED_WORKLOAD,reverse,1000,0.10486666666666668,0.041748618257815215
JavaTreeMap,MIXED_WORKLOAD,reverse,1000,0.10704666666666666,0.016250087179253324
MyTreeMap,INSERT,nearly_sorted,1000,0.05026666666666666,0.005341014583542082
JavaTreeMap,INSERT,nearly_sorted,1000,0.05873,0.014719893880801893
MyTreeMap,SEARCH,nearly_sorted,1000,0.029716666666666672,0.0025773661152335386
JavaTreeMap,SEARCH,nearly_sorted,1000,0.04015666666666666,0.0030237774198934473
MyTreeMap,DELETE,nearly_sorted,1000,0.0010533333333333336,5.07416263404925E-5
JavaTreeMap,DELETE,nearly_sorted,1000,0.004463333333333334,0.017402011047742364
MyTreeMap,MIXED_WORKLOAD,nearly_sorted,1000,0.026980000000000007,0.008013454203766443
JavaTreeMap,MIXED_WORKLOAD,nearly_sorted,1000,0.048603333333333325,0.027837403309010446
MyTreeMap,INSERT,duplicates,1000,0.018736666666666665,0.007680628715884161
JavaTreeMap,INSERT,duplicates,1000,0.01875,0.00805120466462778
MyTreeMap,SEARCH,duplicates,1000,0.011366666666666664,0.0022791912257812334
JavaTreeMap,SEARCH,duplicates,1000,0.014206666666666668,6.06819483089882E-4
MyTreeMap,DELETE,duplicates,1000,0.0012299999999999998,4.660915996993994E-5
JavaTreeMap,DELETE,duplicates,1000,0.0013299999999999994,4.660915996993993E-5
MyTreeMap,MIXED_WORKLOAD,duplicates,1000,0.024980000000000002,0.02338262543885509
JavaTreeMap,MIXED_WORKLOAD,duplicates,1000,0.03813666666666667,0.027810733270762052
MyTreeMap,INSERT,random,10000,1.0318366666666667,0.2686456241367353
JavaTreeMap,INSERT,random,10000,0.9508866666666663,0.057156021997465105
MyTreeMap,SEARCH,random,10000,0.8675166666666666,0.13484320161946803
JavaTreeMap,SEARCH,random,10000,0.8111599999999999,0.093539062833995
MyTreeMap,DELETE,random,10000,0.03428000000000001,0.0058208543039304965
JavaTreeMap,DELETE,random,10000,0.07115333333333335,0.03915485378229171
MyTreeMap,MIXED_WORKLOAD,random,10000,0.8112033333333334,0.09272756344792256
JavaTreeMap,MIXED_WORKLOAD,random,10000,0.8283633333333333,0.2688940523102289
MyTreeMap,INSERT,sorted,10000,0.5520166666666667,0.06712909890308547
JavaTreeMap,INSERT,sorted,10000,0.5803033333333334,0.24272955929186493
MyTreeMap,SEARCH,sorted,10000,0.4363599999999999,0.03246522383444614
JavaTreeMap,SEARCH,sorted,10000,0.4606466666666667,0.04178219991677147
MyTreeMap,DELETE,sorted,10000,0.029050000000000013,0.014510727304189537
JavaTreeMap,DELETE,sorted,10000,0.018400000000000007,0.014210753577533444
MyTreeMap,MIXED_WORKLOAD,sorted,10000,1.1921433333333336,0.30279534534222874
JavaTreeMap,MIXED_WORKLOAD,sorted,10000,1.2358866666666666,0.3676822032335977
MyTreeMap,INSERT,reverse,10000,0.48547,0.20672941693814692
JavaTreeMap,INSERT,reverse,10000,0.5193000000000001,0.10147555506555297
MyTreeMap,SEARCH,reverse,10000,0.4845933333333333,0.01724296824862206
JavaTreeMap,SEARCH,reverse,10000,0.47232666666666656,0.013171911948074065
MyTreeMap,DELETE,reverse,10000,0.026799999999999994,0.009151747524851234
JavaTreeMap,DELETE,reverse,10000,0.014436666666666669,1.7116907014619366E-4
MyTreeMap,MIXED_WORKLOAD,reverse,10000,1.4971766666666668,0.26965890291169736
JavaTreeMap,MIXED_WORKLOAD,reverse,10000,0.9298766666666666,0.21792706100789833
MyTreeMap,INSERT,nearly_sorted,10000,0.8804166666666666,0.23925878657642435
JavaTreeMap,INSERT,nearly_sorted,10000,0.8316,0.0717954181613668
MyTreeMap,SEARCH,nearly_sorted,10000,0.5492133333333334,0.04742359905286012
JavaTreeMap,SEARCH,nearly_sorted,10000,0.5468600000000001,0.042530748309007424
MyTreeMap,DELETE,nearly_sorted,10000,0.012083333333333331,0.0023089157529071927
JavaTreeMap,DELETE,nearly_sorted,10000,0.01313333333333333,0.002222973053233506
MyTreeMap,MIXED_WORKLOAD,nearly_sorted,10000,1.16501,0.5121904174129532
JavaTreeMap,MIXED_WORKLOAD,nearly_sorted,10000,0.8586300000000001,0.10357869954773515
MyTreeMap,INSERT,duplicates,10000,0.28769666666666666,0.017467397874490264
JavaTreeMap,INSERT,duplicates,10000,0.2937966666666666,0.021205049550443916
MyTreeMap,SEARCH,duplicates,10000,0.3087733333333333,0.021688276403009382
JavaTreeMap,SEARCH,duplicates,10000,0.31028666666666666,0.13089891528575975
MyTreeMap,DELETE,duplicates,10000,0.013053333333333337,5.713464637233707E-5
JavaTreeMap,DELETE,duplicates,10000,0.014849999999999995,8.30350985198843E-4
MyTreeMap,MIXED_WORKLOAD,duplicates,10000,0.3356200000000001,0.1061942312869239
JavaTreeMap,MIXED_WORKLOAD,duplicates,10000,0.2915666666666667,0.031164428587660678
MyTreeMap,INSERT,random,100000,18.358423333333334,1.6979826067675305
JavaTreeMap,INSERT,random,100000,17.771543333333334,0.6580478400402278
MyTreeMap,SEARCH,random,100000,16.46604,0.9191581818013775
JavaTreeMap,SEARCH,random,100000,16.868800000000004,1.43554572441861
MyTreeMap,DELETE,random,100000,0.20293333333333335,0.012548837927606419
JavaTreeMap,DELETE,random,100000,0.5514666666666668,0.08683902004455628
MyTreeMap,MIXED_WORKLOAD,random,100000,21.124370000000003,9.55924784817624
JavaTreeMap,MIXED_WORKLOAD,random,100000,29.18179666666666,14.073722257859423
MyTreeMap,INSERT,sorted,100000,9.482713333333333,2.4629042001520145
JavaTreeMap,INSERT,sorted,100000,8.480596666666665,1.1777645304978628
MyTreeMap,SEARCH,sorted,100000,6.40825,0.3473280182210749
JavaTreeMap,SEARCH,sorted,100000,6.254786666666664,0.35472242837943346
MyTreeMap,DELETE,sorted,100000,0.14687999999999996,0.015840789774807792
JavaTreeMap,DELETE,sorted,100000,0.14788333333333328,0.020620680669278784
MyTreeMap,MIXED_WORKLOAD,sorted,100000,20.165496666666666,5.6675597586848925
JavaTreeMap,MIXED_WORKLOAD,sorted,100000,26.71317,8.017845304033608
MyTreeMap,INSERT,reverse,100000,8.55462666666667,1.8338786012416288
JavaTreeMap,INSERT,reverse,100000,7.670820000000003,1.1008846002349577
MyTreeMap,SEARCH,reverse,100000,6.9200366666666655,0.9475849420512648
JavaTreeMap,SEARCH,reverse,100000,7.290716666666667,1.5638591856274224
MyTreeMap,DELETE,reverse,100000,0.17670333333333335,0.06032579641118448
JavaTreeMap,DELETE,reverse,100000,0.16673000000000002,0.008791341743736985
MyTreeMap,MIXED_WORKLOAD,reverse,100000,27.24315333333333,15.38960910968117
JavaTreeMap,MIXED_WORKLOAD,reverse,100000,22.962893333333334,8.248604617665627
MyTreeMap,INSERT,nearly_sorted,100000,12.677909999999999,1.2560427472821138
JavaTreeMap,INSERT,nearly_sorted,100000,12.949673333333335,1.294846158864611
MyTreeMap,SEARCH,nearly_sorted,100000,8.720696666666665,0.6154437314167965
JavaTreeMap,SEARCH,nearly_sorted,100000,9.11102,0.9572977428949282
MyTreeMap,DELETE,nearly_sorted,100000,0.14451999999999998,0.02896308470902346
JavaTreeMap,DELETE,nearly_sorted,100000,0.16997000000000007,0.006404909216293817
MyTreeMap,MIXED_WORKLOAD,nearly_sorted,100000,25.45401333333333,8.279781362836086
JavaTreeMap,MIXED_WORKLOAD,nearly_sorted,100000,21.27288666666666,8.61689163708894
MyTreeMap,INSERT,duplicates,100000,3.511286666666666,0.36674561298491104
JavaTreeMap,INSERT,duplicates,100000,3.726836666666667,0.4065604476270566
MyTreeMap,SEARCH,duplicates,100000,3.783163333333333,0.34007197765841535
JavaTreeMap,SEARCH,duplicates,100000,3.562753333333334,0.3220621943933676
MyTreeMap,DELETE,duplicates,100000,0.1605066666666667,0.025936553001684622
JavaTreeMap,DELETE,duplicates,100000,0.1738566666666666,0.027204559497835366
MyTreeMap,MIXED_WORKLOAD,duplicates,100000,3.3921833333333336,0.39602050981660314
JavaTreeMap,MIXED_WORKLOAD,duplicates,100000,3.787226666666666,0.9532578700700952
MyTreeMap,INSERT,random,1000000,694.9008566666669,54.55166292195698
JavaTreeMap,INSERT,random,1000000,719.4219733333333,43.60859224800841
MyTreeMap,SEARCH,random,1000000,518.93053,25.252766236321722
JavaTreeMap,SEARCH,random,1000000,611.2926333333334,28.79805737759039
MyTreeMap,DELETE,random,1000000,3.5979833333333335,1.3183794901535262
JavaTreeMap,DELETE,random,1000000,3.320946666666666,0.7475510176262373
MyTreeMap,MIXED_WORKLOAD,random,1000000,1495.69878,301.89369817078097
JavaTreeMap,MIXED_WORKLOAD,random,1000000,1316.0472866666669,170.47722965609938
MyTreeMap,INSERT,sorted,1000000,91.02648333333333,20.944489303823772
JavaTreeMap,INSERT,sorted,1000000,95.28519,8.990023657034195
MyTreeMap,SEARCH,sorted,1000000,69.93689333333333,3.194473681211668
JavaTreeMap,SEARCH,sorted,1000000,67.33848666666665,5.564651371038029
MyTreeMap,DELETE,sorted,1000000,2.668369999999999,0.530097573419109
JavaTreeMap,DELETE,sorted,1000000,3.1079866666666667,0.44149933786284823
MyTreeMap,MIXED_WORKLOAD,sorted,1000000,1526.6814,264.0279182375985
JavaTreeMap,MIXED_WORKLOAD,sorted,1000000,1511.295303333333,240.1704632640131
MyTreeMap,INSERT,reverse,1000000,124.01721666666666,34.341554500433794
JavaTreeMap,INSERT,reverse,1000000,88.19736333333334,5.020627674146161
MyTreeMap,SEARCH,reverse,1000000,70.98267,3.261780374025712
JavaTreeMap,SEARCH,reverse,1000000,68.86386333333334,5.517318739580525
MyTreeMap,DELETE,reverse,1000000,2.7763366666666665,0.5698204378291605
JavaTreeMap,DELETE,reverse,1000000,4.692333333333333,1.6211840035397995
MyTreeMap,MIXED_WORKLOAD,reverse,1000000,1518.7255066666664,199.6464104846606
JavaTreeMap,MIXED_WORKLOAD,reverse,1000000,1436.591796666667,216.41593438865382
MyTreeMap,INSERT,nearly_sorted,1000000,220.44998666666663,19.560268965972718
JavaTreeMap,INSERT,nearly_sorted,1000000,218.3092433333333,21.96658124493036
MyTreeMap,SEARCH,nearly_sorted,1000000,203.95943,23.035955476155394
JavaTreeMap,SEARCH,nearly_sorted,1000000,198.42894333333334,28.131266456207165
MyTreeMap,DELETE,nearly_sorted,1000000,3.1190266666666657,0.3940585961445357
JavaTreeMap,DELETE,nearly_sorted,1000000,6.0261466666666665,1.5475200456020688
MyTreeMap,MIXED_WORKLOAD,nearly_sorted,1000000,1508.0084233333334,393.79427475369783
JavaTreeMap,MIXED_WORKLOAD,nearly_sorted,1000000,1330.3318133333332,277.9111501179329
MyTreeMap,INSERT,duplicates,1000000,44.081883333333344,5.248188940109907
JavaTreeMap,INSERT,duplicates,1000000,38.79360333333333,4.268497569038203
MyTreeMap,SEARCH,duplicates,1000000,36.95766,4.083654577543215
JavaTreeMap,SEARCH,duplicates,1000000,35.58979,3.4254326055863067
MyTreeMap,DELETE,duplicates,1000000,5.224163333333333,2.1997881510042854
JavaTreeMap,DELETE,duplicates,1000000,9.387406666666665,1.7506425316857597
MyTreeMap,MIXED_WORKLOAD,duplicates,1000000,131.72552000000002,49.395126513644
JavaTreeMap,MIXED_WORKLOAD,duplicates,1000000,204.67438999999996,66.52205939965536
